"STATION","NAME","LATITUDE","LONGITUDE","ELEVATION","DATE","TAVG","TMAX","TMIN"
"USR0000CBRI","BRIONES CALIFORNIA, CA US","37.9442","-122.1178","442.0","2013-01-01","41","46","34"
"USR0000CBRI","BRIONES CALIFORNIA, CA US","37.9442","-122.1178","442.0","2013-01-02","42","49","37"
"USR0000CBRI","BRIONES CALIFORNIA, CA US","37.9442","-122.1178","442.0","2013-01-03","43","48","38"
"USR0000CBRI","BRIONES CALIFORNIA, CA US","37.9442","-122.1178","442.0","2013-01-04","45","50","41"
"USR0000CBRI","BRIONES CALIFORNIA, CA US","37.9442","-122.1178","442.0","2013-01-05","43","46","38"
"USR0000CBRI","BRIONES CALIFORNIA, CA US","37.9442","-122.1178","442.0","2013-01-06","41","46","38"
"USR0000CBRI","BRIONES CALIFORNIA, CA US","37.9442","-122.1178","442.0","2013-01-07","47","57","40"
"USR0000CBRI","BRIONES CALIFORNIA, CA US","37.9442","-122.1178","442.0","2013-01-08","48","53","43"
"USR0000CBRI","BRIONES CALIFORNIA, CA US","37.9442","-122.1178","442.0","2013-01-09","44","48","37"
"USR0000CBRI","BRIONES CALIFORNIA, CA US","37.9442","-122.1178","442.0","2013-01-10","39","48","35"
"USR0000CBRI","BRIONES CALIFORNIA, CA US","37.9442","-122.1178","442.0","2013-01-11","39","48","34"
"USR0000CBRI","BRIONES CALIFORNIA, CA US","37.9442","-122.1178","442.0","2013-01-12","39","47","33"
"USR0000CBRI","BRIONES CALIFORNIA, CA US","37.9442","-122.1178","442.0","2013-01-13","37","45","30"
"USR0000CBRI","BRIONES CALIFORNIA, CA US","37.9442","-122.1178","442.0","2013-01-14","38","44","31"
"USR0000CBRI","BRIONES CALIFORNIA, CA US","37.9442","-122.1178","442.0","2013-01-15","40","46","37"
"USR0000CBRI","BRIONES CALIFORNIA, CA US","37.9442","-122.1178","442.0","2013-01-16","44","51","37"
"USR0000CBRI","BRIONES CALIFORNIA, CA US","37.9442","-122.1178","442.0","2013-01-17","49","55","41"
"USR0000CBRI","BRIONES CALIFORNIA, CA US","37.9442","-122.1178","442.0","2013-01-18","49","56","43"
"USR0000CBRI","BRIONES CALIFORNIA, CA US","37.9442","-122.1178","442.0","2013-01-19","51","54","48"
"USR0000CBRI","BRIONES CALIFORNIA, CA US","37.9442","-122.1178","442.0","2013-01-20","52","56","47"
"USR0000CBRI","BRIONES CALIFORNIA, CA US","37.9442","-122.1178","442.0","2013-01-21","50","56","42"
"USR0000CBRI","BRIONES CALIFORNIA, CA US","37.9442","-122.1178","442.0","2013-01-22","49","55","45"
"USR0000CBRI","BRIONES CALIFORNIA, CA US","37.9442","-122.1178","442.0","2013-01-23","49","56","44"
"USR0000CBRI","BRIONES CALIFORNIA, CA US","37.9442","-122.1178","442.0","2013-01-24","49","52","46"
"USR0000CBRI","BRIONES CALIFORNIA, CA US","37.9442","-122.1178","442.0","2013-01-25","54","61","49"
"USR0000CBRI","BRIONES CALIFORNIA, CA US","37.9442","-122.1178","442.0","2013-01-26","47","54","40"
"USR0000CBRI","BRIONES CALIFORNIA, CA US","37.9442","-122.1178","442.0","2013-01-27","43","54","36"
"USR0000CBRI","BRIONES CALIFORNIA, CA US","37.9442","-122.1178","442.0","2013-01-28","44","55","38"
"USR0000CBRI","BRIONES CALIFORNIA, CA US","37.9442","-122.1178","442.0","2013-01-29","48","56","39"
"USR0000CBRI","BRIONES CALIFORNIA, CA US","37.9442","-122.1178","442.0","2013-01-30","52","60","46"
"USR0000CBRI","BRIONES CALIFORNIA, CA US","37.9442","-122.1178","442.0","2013-01-31","50","58","43"
"USR0000CBRI","BRIONES CALIFORNIA, CA US","37.9442","-122.1178","442.0","2013-02-01","52","58","46"
"USR0000CBRI","BRIONES CALIFORNIA, CA US","37.9442","-122.1178","442.0","2013-02-02","51","59","43"
"USR0000CBRI","BRIONES CALIFORNIA, CA US","37.9442","-122.1178","442.0","2013-02-03","48","60","40"
"USR0000CBRI","BRIONES CALIFORNIA, CA US","37.9442","-122.1178","442.0","2013-02-04","50","61","42"
"USR0000CBRI","BRIONES CALIFORNIA, CA US","37.9442","-122.1178","442.0","2013-02-05","44","52","40"
"USR0000CBRI","BRIONES CALIFORNIA, CA US","37.9442","-122.1178","442.0","2013-02-06","46","56","39"
"USR0000CBRI","BRIONES CALIFORNIA, CA US","37.9442","-122.1178","442.0","2013-02-07","43","51","38"
"USR0000CBRI","BRIONES CALIFORNIA, CA US","37.9442","-122.1178","442.0","2013-02-08","43","51","35"
"USR0000CBRI","BRIONES CALIFORNIA, CA US","37.9442","-122.1178","442.0","2013-02-09","46","54","38"
"USR0000CBRI","BRIONES CALIFORNIA, CA US","37.9442","-122.1178","442.0","2013-02-10","48","57","40"
"USR0000CBRI","BRIONES CALIFORNIA, CA US","37.9442","-122.1178","442.0","2013-02-11","50","60","43"
"USR0000CBRI","BRIONES CALIFORNIA, CA US","37.9442","-122.1178","442.0","2013-02-12","49","57","43"
"USR0000CBRI","BRIONES CALIFORNIA, CA US","37.9442","-122.1178","442.0","2013-02-13","52","63","43"
"USR0000CBRI","BRIONES CALIFORNIA, CA US","37.9442","-122.1178","442.0","2013-02-14","55","63","47"
"USR0000CBRI","BRIONES CALIFORNIA, CA US","37.9442","-122.1178","442.0","2013-02-15","57","64","51"
"USR0000CBRI","BRIONES CALIFORNIA, CA US","37.9442","-122.1178","442.0","2013-02-16","55","63","47"
"USR0000CBRI","BRIONES CALIFORNIA, CA US","37.9442","-122.1178","442.0","2013-02-17","52","62","44"
"USR0000CBRI","BRIONES CALIFORNIA, CA US","37.9442","-122.1178","442.0","2013-02-18","43","48","40"
"USR0000CBRI","BRIONES CALIFORNIA, CA US","37.9442","-122.1178","442.0","2013-02-19","39","42","35"
"USR0000CBRI","BRIONES CALIFORNIA, CA US","37.9442","-122.1178","442.0","2013-02-20","44","54","33"
"USR0000CBRI","BRIONES CALIFORNIA, CA US","37.9442","-122.1178","442.0","2013-02-21","47","58","38"
"USR0000CBRI","BRIONES CALIFORNIA, CA US","37.9442","-122.1178","442.0","2013-02-22","50","60","41"
"USR0000CBRI","BRIONES CALIFORNIA, CA US","37.9442","-122.1178","442.0","2013-02-23","47","56","42"
"USR0000CBRI","BRIONES CALIFORNIA, CA US","37.9442","-122.1178","442.0","2013-02-24","49","59","41"
"USR0000CBRI","BRIONES CALIFORNIA, CA US","37.9442","-122.1178","442.0","2013-02-25","50","60","43"
"USR0000CBRI","BRIONES CALIFORNIA, CA US","37.9442","-122.1178","442.0","2013-02-26","54","66","42"
"USR0000CBRI","BRIONES CALIFORNIA, CA US","37.9442","-122.1178","442.0","2013-02-27","56","67","49"
"USR0000CBRI","BRIONES CALIFORNIA, CA US","37.9442","-122.1178","442.0","2013-02-28","56","65","48"
"USR0000CBRI","BRIONES CALIFORNIA, CA US","37.9442","-122.1178","442.0","2013-03-01","59","68","52"
"USR0000CBRI","BRIONES CALIFORNIA, CA US","37.9442","-122.1178","442.0","2013-03-02","58","65","50"
"USR0000CBRI","BRIONES CALIFORNIA, CA US","37.9442","-122.1178","442.0","2013-03-03","51","62","42"
"USR0000CBRI","BRIONES CALIFORNIA, CA US","37.9442","-122.1178","442.0","2013-03-04","46","57","39"
"USR0000CBRI","BRIONES CALIFORNIA, CA US","37.9442","-122.1178","442.0","2013-03-05","45","53","38"
"USR0000CBRI","BRIONES CALIFORNIA, CA US","37.9442","-122.1178","442.0","2013-03-06","45","50","40"
"USR0000CBRI","BRIONES CALIFORNIA, CA US","37.9442","-122.1178","442.0","2013-03-07","45","55","38"
"USR0000CBRI","BRIONES CALIFORNIA, CA US","37.9442","-122.1178","442.0","2013-03-08","46","57","39"
"USR0000CBRI","BRIONES CALIFORNIA, CA US","37.9442","-122.1178","442.0","2013-03-09","52","66","39"
"USR0000CBRI","BRIONES CALIFORNIA, CA US","37.9442","-122.1178","442.0","2013-03-10","56","66","47"
"USR0000CBRI","BRIONES CALIFORNIA, CA US","37.9442","-122.1178","442.0","2013-03-11","59","72","49"
"USR0000CBRI","BRIONES CALIFORNIA, CA US","37.9442","-122.1178","442.0","2013-03-12","61","72","52"
"USR0000CBRI","BRIONES CALIFORNIA, CA US","37.9442","-122.1178","442.0","2013-03-13","63","72","54"
"USR0000CBRI","BRIONES CALIFORNIA, CA US","37.9442","-122.1178","442.0","2013-03-14","61","70","53"
"USR0000CBRI","BRIONES CALIFORNIA, CA US","37.9442","-122.1178","442.0","2013-03-15","58","69","50"
"USR0000CBRI","BRIONES CALIFORNIA, CA US","37.9442","-122.1178","442.0","2013-03-16","57","70","49"
"USR0000CBRI","BRIONES CALIFORNIA, CA US","37.9442","-122.1178","442.0","2013-03-17","53","67","44"
"USR0000CBRI","BRIONES CALIFORNIA, CA US","37.9442","-122.1178","442.0","2013-03-18","54","65","47"
"USR0000CBRI","BRIONES CALIFORNIA, CA US","37.9442","-122.1178","442.0","2013-03-19","54","67","42"
"USR0000CBRI","BRIONES CALIFORNIA, CA US","37.9442","-122.1178","442.0","2013-03-20","51","57","45"
"USR0000CBRI","BRIONES CALIFORNIA, CA US","37.9442","-122.1178","442.0","2013-03-21","50","62","39"
"USR0000CBRI","BRIONES CALIFORNIA, CA US","37.9442","-122.1178","442.0","2013-03-22","54","65","44"
"USR0000CBRI","BRIONES CALIFORNIA, CA US","37.9442","-122.1178","442.0","2013-03-23","55","67","45"
"USR0000CBRI","BRIONES CALIFORNIA, CA US","37.9442","-122.1178","442.0","2013-03-24","57","69","47"
"USR0000CBRI","BRIONES CALIFORNIA, CA US","37.9442","-122.1178","442.0","2013-03-25","48","59","42"
"USR0000CBRI","BRIONES CALIFORNIA, CA US","37.9442","-122.1178","442.0","2013-03-26","51","67","41"
"USR0000CBRI","BRIONES CALIFORNIA, CA US","37.9442","-122.1178","442.0","2013-03-27","51","58","45"
"USR0000CBRI","BRIONES CALIFORNIA, CA US","37.9442","-122.1178","442.0","2013-03-28","55","65","49"
"USR0000CBRI","BRIONES CALIFORNIA, CA US","37.9442","-122.1178","442.0","2013-03-29","59","73","49"
"USR0000CBRI","BRIONES CALIFORNIA, CA US","37.9442","-122.1178","442.0","2013-03-30","54","64","49"
"USR0000CBRI","BRIONES CALIFORNIA, CA US","37.9442","-122.1178","442.0","2013-03-31","54","63","49"
"USR0000CBRI","BRIONES CALIFORNIA, CA US","37.9442","-122.1178","442.0","2013-04-01","53","60","47"
"USR0000CBRI","BRIONES CALIFORNIA, CA US","37.9442","-122.1178","442.0","2013-04-02","55","67","46"
"USR0000CBRI","BRIONES CALIFORNIA, CA US","37.9442","-122.1178","442.0","2013-04-03","59","73","49"
"USR0000CBRI","BRIONES CALIFORNIA, CA US","37.9442","-122.1178","442.0","2013-04-04","51","56","47"
"USR0000CBRI","BRIONES CALIFORNIA, CA US","37.9442","-122.1178","442.0","2013-04-05","52","59","48"
"USR0000CBRI","BRIONES CALIFORNIA, CA US","37.9442","-122.1178","442.0","2013-04-06","52","63","47"
"USR0000CBRI","BRIONES CALIFORNIA, CA US","37.9442","-122.1178","442.0","2013-04-07","50","57","43"
"USR0000CBRI","BRIONES CALIFORNIA, CA US","37.9442","-122.1178","442.0","2013-04-08","52","64","40"
"USR0000CBRI","BRIONES CALIFORNIA, CA US","37.9442","-122.1178","442.0","2013-04-09","61","72","49"
"USR0000CBRI","BRIONES CALIFORNIA, CA US","37.9442","-122.1178","442.0","2013-04-10","68","81","56"
"USR0000CBRI","BRIONES CALIFORNIA, CA US","37.9442","-122.1178","442.0","2013-04-11","58","71","46"
"USR0000CBRI","BRIONES CALIFORNIA, CA US","37.9442","-122.1178","442.0","2013-04-12","60","73","49"
"USR0000CBRI","BRIONES CALIFORNIA, CA US","37.9442","-122.1178","442.0","2013-04-13","54","66","45"
"USR0000CBRI","BRIONES CALIFORNIA, CA US","37.9442","-122.1178","442.0","2013-04-14","51","64","43"
"USR0000CBRI","BRIONES CALIFORNIA, CA US","37.9442","-122.1178","442.0","2013-04-15","46","55","40"
"USR0000CBRI","BRIONES CALIFORNIA, CA US","37.9442","-122.1178","442.0","2013-04-16","52","64","38"
"USR0000CBRI","BRIONES CALIFORNIA, CA US","37.9442","-122.1178","442.0","2013-04-17","57","67","47"
"USR0000CBRI","BRIONES CALIFORNIA, CA US","37.9442","-122.1178","442.0","2013-04-18","62","73","53"
"USR0000CBRI","BRIONES CALIFORNIA, CA US","37.9442","-122.1178","442.0","2013-04-19","65","77","53"
"USR0000CBRI","BRIONES CALIFORNIA, CA US","37.9442","-122.1178","442.0","2013-04-20","64","77","51"
"USR0000CBRI","BRIONES CALIFORNIA, CA US","37.9442","-122.1178","442.0","2013-04-21","71","83","59"
"USR0000CBRI","BRIONES CALIFORNIA, CA US","37.9442","-122.1178","442.0","2013-04-22","73","87","62"
"USR0000CBRI","BRIONES CALIFORNIA, CA US","37.9442","-122.1178","442.0","2013-04-23","65","80","52"
"USR0000CBRI","BRIONES CALIFORNIA, CA US","37.9442","-122.1178","442.0","2013-04-24","56","74","47"
"USR0000CBRI","BRIONES CALIFORNIA, CA US","37.9442","-122.1178","442.0","2013-04-25","50","58","45"
"USR0000CBRI","BRIONES CALIFORNIA, CA US","37.9442","-122.1178","442.0","2013-04-26","55","71","45"
"USR0000CBRI","BRIONES CALIFORNIA, CA US","37.9442","-122.1178","442.0","2013-04-27","62","81","44"
"USR0000CBRI","BRIONES CALIFORNIA, CA US","37.9442","-122.1178","442.0","2013-04-28","71","86","56"
"USR0000CBRI","BRIONES CALIFORNIA, CA US","37.9442","-122.1178","442.0","2013-04-29","73","87","57"
"USR0000CBRI","BRIONES CALIFORNIA, CA US","37.9442","-122.1178","442.0","2013-04-30","68","82","53"
"USR0000CBRI","BRIONES CALIFORNIA, CA US","37.9442","-122.1178","442.0","2013-05-01","70","81","59"
"USR0000CBRI","BRIONES CALIFORNIA, CA US","37.9442","-122.1178","442.0","2013-05-02","74","88","63"
"USR0000CBRI","BRIONES CALIFORNIA, CA US","37.9442","-122.1178","442.0","2013-05-03","75","88","66"
"USR0000CBRI","BRIONES CALIFORNIA, CA US","37.9442","-122.1178","442.0","2013-05-04","67","86","49"
"USR0000CBRI","BRIONES CALIFORNIA, CA US","37.9442","-122.1178","442.0","2013-05-05","55","66","49"
"USR0000CBRI","BRIONES CALIFORNIA, CA US","37.9442","-122.1178","442.0","2013-05-06","57","65","50"
"USR0000CBRI","BRIONES CALIFORNIA, CA US","37.9442","-122.1178","442.0","2013-05-07","56","66","49"
"USR0000CBRI","BRIONES CALIFORNIA, CA US","37.9442","-122.1178","442.0","2013-05-08","52","64","47"
"USR0000CBRI","BRIONES CALIFORNIA, CA US","37.9442","-122.1178","442.0","2013-05-09","54","66","46"
"USR0000CBRI","BRIONES CALIFORNIA, CA US","37.9442","-122.1178","442.0","2013-05-10","60","76","47"
"USR0000CBRI","BRIONES CALIFORNIA, CA US","37.9442","-122.1178","442.0","2013-05-11","71","90","54"
"USR0000CBRI","BRIONES CALIFORNIA, CA US","37.9442","-122.1178","442.0","2013-05-12","68","79","59"
"USR0000CBRI","BRIONES CALIFORNIA, CA US","37.9442","-122.1178","442.0","2013-05-13","65","79","56"
"USR0000CBRI","BRIONES CALIFORNIA, CA US","37.9442","-122.1178","442.0","2013-05-14","59","72","47"
"USR0000CBRI","BRIONES CALIFORNIA, CA US","37.9442","-122.1178","442.0","2013-05-15","55","66","45"
"USR0000CBRI","BRIONES CALIFORNIA, CA US","37.9442","-122.1178","442.0","2013-05-16","56","66","48"
"USR0000CBRI","BRIONES CALIFORNIA, CA US","37.9442","-122.1178","442.0","2013-05-17","54","65","46"
"USR0000CBRI","BRIONES CALIFORNIA, CA US","37.9442","-122.1178","442.0","2013-05-18","59","72","45"
"USR0000CBRI","BRIONES CALIFORNIA, CA US","37.9442","-122.1178","442.0","2013-05-19","68","83","51"
"USR0000CBRI","BRIONES CALIFORNIA, CA US","37.9442","-122.1178","442.0","2013-05-20","72","87","55"
"USR0000CBRI","BRIONES CALIFORNIA, CA US","37.9442","-122.1178","442.0","2013-05-21","57","67","45"
"USR0000CBRI","BRIONES CALIFORNIA, CA US","37.9442","-122.1178","442.0","2013-05-22","52","64","42"
"USR0000CBRI","BRIONES CALIFORNIA, CA US","37.9442","-122.1178","442.0","2013-05-23","54","67","42"
"USR0000CBRI","BRIONES CALIFORNIA, CA US","37.9442","-122.1178","442.0","2013-05-24","55","67","44"
"USR0000CBRI","BRIONES CALIFORNIA, CA US","37.9442","-122.1178","442.0","2013-05-25","53","66","44"
"USR0000CBRI","BRIONES CALIFORNIA, CA US","37.9442","-122.1178","442.0","2013-05-26","55","65","49"
"USR0000CBRI","BRIONES CALIFORNIA, CA US","37.9442","-122.1178","442.0","2013-05-27","53","60","48"
"USR0000CBRI","BRIONES CALIFORNIA, CA US","37.9442","-122.1178","442.0","2013-05-28","58","70","52"
"USR0000CBRI","BRIONES CALIFORNIA, CA US","37.9442","-122.1178","442.0","2013-05-29","58","69","49"
"USR0000CBRI","BRIONES CALIFORNIA, CA US","37.9442","-122.1178","442.0","2013-05-30","61","75","49"
"USR0000CBRI","BRIONES CALIFORNIA, CA US","37.9442","-122.1178","442.0","2013-05-31","71","87","51"
"USR0000CBRI","BRIONES CALIFORNIA, CA US","37.9442","-122.1178","442.0","2013-06-01","76","91","60"
"USR0000CBRI","BRIONES CALIFORNIA, CA US","37.9442","-122.1178","442.0","2013-06-02","69","84","55"
"USR0000CBRI","BRIONES CALIFORNIA, CA US","37.9442","-122.1178","442.0","2013-06-03","57","68","49"
"USR0000CBRI","BRIONES CALIFORNIA, CA US","37.9442","-122.1178","442.0","2013-06-04","53","60","49"
"USR0000CBRI","BRIONES CALIFORNIA, CA US","37.9442","-122.1178","442.0","2013-06-05","55","69","47"
"USR0000CBRI","BRIONES CALIFORNIA, CA US","37.9442","-122.1178","442.0","2013-06-06","62","77","48"
"USR0000CBRI","BRIONES CALIFORNIA, CA US","37.9442","-122.1178","442.0","2013-06-07","78","96","54"
"USR0000CBRI","BRIONES CALIFORNIA, CA US","37.9442","-122.1178","442.0","2013-06-08","77","101","52"
"USR0000CBRI","BRIONES CALIFORNIA, CA US","37.9442","-122.1178","442.0","2013-06-09","53","57","51"
"USR0000CBRI","BRIONES CALIFORNIA, CA US","37.9442","-122.1178","442.0","2013-06-10","55","64","50"
"USR0000CBRI","BRIONES CALIFORNIA, CA US","37.9442","-122.1178","442.0","2013-06-11","61","75","51"
"USR0000CBRI","BRIONES CALIFORNIA, CA US","37.9442","-122.1178","442.0","2013-06-12","64","75","53"
"USR0000CBRI","BRIONES CALIFORNIA, CA US","37.9442","-122.1178","442.0","2013-06-13","64","77","49"
"USR0000CBRI","BRIONES CALIFORNIA, CA US","37.9442","-122.1178","442.0","2013-06-14","71","83","60"
"USR0000CBRI","BRIONES CALIFORNIA, CA US","37.9442","-122.1178","442.0","2013-06-15","62","73","52"
"USR0000CBRI","BRIONES CALIFORNIA, CA US","37.9442","-122.1178","442.0","2013-06-16","64","77","54"
"USR0000CBRI","BRIONES CALIFORNIA, CA US","37.9442","-122.1178","442.0","2013-06-17","61","72","51"
"USR0000CBRI","BRIONES CALIFORNIA, CA US","37.9442","-122.1178","442.0","2013-06-18","56","66","50"
"USR0000CBRI","BRIONES CALIFORNIA, CA US","37.9442","-122.1178","442.0","2013-06-19","59","71","49"
"USR0000CBRI","BRIONES CALIFORNIA, CA US","37.9442","-122.1178","442.0","2013-06-20","62","76","51"
"USR0000CBRI","BRIONES CALIFORNIA, CA US","37.9442","-122.1178","442.0","2013-06-21","67","80","54"
"USR0000CBRI","BRIONES CALIFORNIA, CA US","37.9442","-122.1178","442.0","2013-06-22","70","86","57"
"USR0000CBRI","BRIONES CALIFORNIA, CA US","37.9442","-122.1178","442.0","2013-06-23","57","61","53"
"USR0000CBRI","BRIONES CALIFORNIA, CA US","37.9442","-122.1178","442.0","2013-06-24","57","60","54"
"USR0000CBRI","BRIONES CALIFORNIA, CA US","37.9442","-122.1178","442.0","2013-06-25","61","69","57"
"USR0000CBRI","BRIONES CALIFORNIA, CA US","37.9442","-122.1178","442.0","2013-06-26","67","77","59"
"USR0000CBRI","BRIONES CALIFORNIA, CA US","37.9442","-122.1178","442.0","2013-06-27","74","89","59"
"USR0000CBRI","BRIONES CALIFORNIA, CA US","37.9442","-122.1178","442.0","2013-06-28","85","96","71"
"USR0000CBRI","BRIONES CALIFORNIA, CA US","37.9442","-122.1178","442.0","2013-06-29","85","100","74"
"USR0000CBRI","BRIONES CALIFORNIA, CA US","37.9442","-122.1178","442.0","2013-06-30","81","95","71"
"USR0000CBRI","BRIONES CALIFORNIA, CA US","37.9442","-122.1178","442.0","2013-07-01","82","95","67"
"USR0000CBRI","BRIONES CALIFORNIA, CA US","37.9442","-122.1178","442.0","2013-07-02","80","96","64"
"USR0000CBRI","BRIONES CALIFORNIA, CA US","37.9442","-122.1178","442.0","2013-07-03","79","93","66"
"USR0000CBRI","BRIONES CALIFORNIA, CA US","37.9442","-122.1178","442.0","2013-07-04","82","95","69"
"USR0000CBRI","BRIONES CALIFORNIA, CA US","37.9442","-122.1178","442.0","2013-07-05","58","68","51"
"USR0000CBRI","BRIONES CALIFORNIA, CA US","37.9442","-122.1178","442.0","2013-07-06","58","72","50"
"USR0000CBRI","BRIONES CALIFORNIA, CA US","37.9442","-122.1178","442.0","2013-07-07","62","83","50"
"USR0000CBRI","BRIONES CALIFORNIA, CA US","37.9442","-122.1178","442.0","2013-07-08","66","86","50"
"USR0000CBRI","BRIONES CALIFORNIA, CA US","37.9442","-122.1178","442.0","2013-07-09","78","94","63"
"USR0000CBRI","BRIONES CALIFORNIA, CA US","37.9442","-122.1178","442.0","2013-07-10","66","85","49"
"USR0000CBRI","BRIONES CALIFORNIA, CA US","37.9442","-122.1178","442.0","2013-07-11","59","76","48"
"USR0000CBRI","BRIONES CALIFORNIA, CA US","37.9442","-122.1178","442.0","2013-07-12","63","78","49"
"USR0000CBRI","BRIONES CALIFORNIA, CA US","37.9442","-122.1178","442.0","2013-07-13","70","86","58"
"USR0000CBRI","BRIONES CALIFORNIA, CA US","37.9442","-122.1178","442.0","2013-07-14","65","81","49"
"USR0000CBRI","BRIONES CALIFORNIA, CA US","37.9442","-122.1178","442.0","2013-07-15","55","69","47"
"USR0000CBRI","BRIONES CALIFORNIA, CA US","37.9442","-122.1178","442.0","2013-07-16","55","62","50"
"USR0000CBRI","BRIONES CALIFORNIA, CA US","37.9442","-122.1178","442.0","2013-07-17","63","78","52"
"USR0000CBRI","BRIONES CALIFORNIA, CA US","37.9442","-122.1178","442.0","2013-07-18","71","87","55"
"USR0000CBRI","BRIONES CALIFORNIA, CA US","37.9442","-122.1178","442.0","2013-07-19","73","90","59"
"USR0000CBRI","BRIONES CALIFORNIA, CA US","37.9442","-122.1178","442.0","2013-07-20","70","90","53"
"USR0000CBRI","BRIONES CALIFORNIA, CA US","37.9442","-122.1178","442.0","2013-07-21","68","85","52"
"USR0000CBRI","BRIONES CALIFORNIA, CA US","37.9442","-122.1178","442.0","2013-07-22","64","81","52"
"USR0000CBRI","BRIONES CALIFORNIA, CA US","37.9442","-122.1178","442.0","2013-07-23","67","80","56"
"USR0000CBRI","BRIONES CALIFORNIA, CA US","37.9442","-122.1178","442.0","2013-07-24","73","87","61"
"USR0000CBRI","BRIONES CALIFORNIA, CA US","37.9442","-122.1178","442.0","2013-07-25","70","83","59"
"USR0000CBRI","BRIONES CALIFORNIA, CA US","37.9442","-122.1178","442.0","2013-07-26","65","82","51"
"USR0000CBRI","BRIONES CALIFORNIA, CA US","37.9442","-122.1178","442.0","2013-07-27","60","74","51"
"USR0000CBRI","BRIONES CALIFORNIA, CA US","37.9442","-122.1178","442.0","2013-07-28","58","70","51"
"USR0000CBRI","BRIONES CALIFORNIA, CA US","37.9442","-122.1178","442.0","2013-07-29","55","62","51"
"USR0000CBRI","BRIONES CALIFORNIA, CA US","37.9442","-122.1178","442.0","2013-07-30","58","72","51"
"USR0000CBRI","BRIONES CALIFORNIA, CA US","37.9442","-122.1178","442.0","2013-07-31","60","76","49"
"USR0000CBRI","BRIONES CALIFORNIA, CA US","37.9442","-122.1178","442.0","2013-08-01","61","74","50"
"USR0000CBRI","BRIONES CALIFORNIA, CA US","37.9442","-122.1178","442.0","2013-08-02","65","82","53"
"USR0000CBRI","BRIONES CALIFORNIA, CA US","37.9442","-122.1178","442.0","2013-08-03","62","78","50"
"USR0000CBRI","BRIONES CALIFORNIA, CA US","37.9442","-122.1178","442.0","2013-08-04","58","74","49"
"USR0000CBRI","BRIONES CALIFORNIA, CA US","37.9442","-122.1178","442.0","2013-08-05","58","73","49"
"USR0000CBRI","BRIONES CALIFORNIA, CA US","37.9442","-122.1178","442.0","2013-08-06","56","67","49"
"USR0000CBRI","BRIONES CALIFORNIA, CA US","37.9442","-122.1178","442.0","2013-08-07","56","63","51"
"USR0000CBRI","BRIONES CALIFORNIA, CA US","37.9442","-122.1178","442.0","2013-08-08","58","71","51"
"USR0000CBRI","BRIONES CALIFORNIA, CA US","37.9442","-122.1178","442.0","2013-08-09","57","70","50"
"USR0000CBRI","BRIONES CALIFORNIA, CA US","37.9442","-122.1178","442.0","2013-08-10","60","73","52"
"USR0000CBRI","BRIONES CALIFORNIA, CA US","37.9442","-122.1178","442.0","2013-08-11","63","79","52"
"USR0000CBRI","BRIONES CALIFORNIA, CA US","37.9442","-122.1178","442.0","2013-08-12","67","82","52"
"USR0000CBRI","BRIONES CALIFORNIA, CA US","37.9442","-122.1178","442.0","2013-08-13","73","91","59"
"USR0000CBRI","BRIONES CALIFORNIA, CA US","37.9442","-122.1178","442.0","2013-08-14","69","83","57"
"USR0000CBRI","BRIONES CALIFORNIA, CA US","37.9442","-122.1178","442.0","2013-08-15","69","82","58"
"USR0000CBRI","BRIONES CALIFORNIA, CA US","37.9442","-122.1178","442.0","2013-08-16","72","86","63"
"USR0000CBRI","BRIONES CALIFORNIA, CA US","37.9442","-122.1178","442.0","2013-08-17","68","79","61"
"USR0000CBRI","BRIONES CALIFORNIA, CA US","37.9442","-122.1178","442.0","2013-08-18","80","99","62"
"USR0000CBRI","BRIONES CALIFORNIA, CA US","37.9442","-122.1178","442.0","2013-08-19","78","96","61"
"USR0000CBRI","BRIONES CALIFORNIA, CA US","37.9442","-122.1178","442.0","2013-08-20","62","80","53"
"USR0000CBRI","BRIONES CALIFORNIA, CA US","37.9442","-122.1178","442.0","2013-08-21","60","75","53"
"USR0000CBRI","BRIONES CALIFORNIA, CA US","37.9442","-122.1178","442.0","2013-08-22","58","71","52"
"USR0000CBRI","BRIONES CALIFORNIA, CA US","37.9442","-122.1178","442.0","2013-08-23","63","79","52"
"USR0000CBRI","BRIONES CALIFORNIA, CA US","37.9442","-122.1178","442.0","2013-08-24","64","76","54"
"USR0000CBRI","BRIONES CALIFORNIA, CA US","37.9442","-122.1178","442.0","2013-08-25","63","77","55"
"USR0000CBRI","BRIONES CALIFORNIA, CA US","37.9442","-122.1178","442.0","2013-08-26","63","77","55"
"USR0000CBRI","BRIONES CALIFORNIA, CA US","37.9442","-122.1178","442.0","2013-08-27","68","83","58"
"USR0000CBRI","BRIONES CALIFORNIA, CA US","37.9442","-122.1178","442.0","2013-08-28","66","81","55"
"USR0000CBRI","BRIONES CALIFORNIA, CA US","37.9442","-122.1178","442.0","2013-08-29","67","81","57"
"USR0000CBRI","BRIONES CALIFORNIA, CA US","37.9442","-122.1178","442.0","2013-08-30","74","90","61"
"USR0000CBRI","BRIONES CALIFORNIA, CA US","37.9442","-122.1178","442.0","2013-08-31","69","80","57"
"USR0000CBRI","BRIONES CALIFORNIA, CA US","37.9442","-122.1178","442.0","2013-09-01","66","80","56"
"USR0000CBRI","BRIONES CALIFORNIA, CA US","37.9442","-122.1178","442.0","2013-09-02","65","76","59"
"USR0000CBRI","BRIONES CALIFORNIA, CA US","37.9442","-122.1178","442.0","2013-09-03","64","74","57"
"USR0000CBRI","BRIONES CALIFORNIA, CA US","37.9442","-122.1178","442.0","2013-09-04","63","76","55"
"USR0000CBRI","BRIONES CALIFORNIA, CA US","37.9442","-122.1178","442.0","2013-09-05","64","76","54"
"USR0000CBRI","BRIONES CALIFORNIA, CA US","37.9442","-122.1178","442.0","2013-09-06","74","89","56"
"USR0000CBRI","BRIONES CALIFORNIA, CA US","37.9442","-122.1178","442.0","2013-09-07","80","94","71"
"USR0000CBRI","BRIONES CALIFORNIA, CA US","37.9442","-122.1178","442.0","2013-09-08","80","96","66"
"USR0000CBRI","BRIONES CALIFORNIA, CA US","37.9442","-122.1178","442.0","2013-09-09","80","96","69"
"USR0000CBRI","BRIONES CALIFORNIA, CA US","37.9442","-122.1178","442.0","2013-09-10","60","72","54"
"USR0000CBRI","BRIONES CALIFORNIA, CA US","37.9442","-122.1178","442.0","2013-09-11","60","68","57"
"USR0000CBRI","BRIONES CALIFORNIA, CA US","37.9442","-122.1178","442.0","2013-09-12","63","78","56"
"USR0000CBRI","BRIONES CALIFORNIA, CA US","37.9442","-122.1178","442.0","2013-09-13","65","85","53"
"USR0000CBRI","BRIONES CALIFORNIA, CA US","37.9442","-122.1178","442.0","2013-09-14","61","74","52"
"USR0000CBRI","BRIONES CALIFORNIA, CA US","37.9442","-122.1178","442.0","2013-09-15","62","75","51"
"USR0000CBRI","BRIONES CALIFORNIA, CA US","37.9442","-122.1178","442.0","2013-09-16","65","81","53"
"USR0000CBRI","BRIONES CALIFORNIA, CA US","37.9442","-122.1178","442.0","2013-09-17","61","71","53"
"USR0000CBRI","BRIONES CALIFORNIA, CA US","37.9442","-122.1178","442.0","2013-09-18","68","81","56"
"USR0000CBRI","BRIONES CALIFORNIA, CA US","37.9442","-122.1178","442.0","2013-09-19","73","90","62"
"USR0000CBRI","BRIONES CALIFORNIA, CA US","37.9442","-122.1178","442.0","2013-09-20","61","69","53"
"USR0000CBRI","BRIONES CALIFORNIA, CA US","37.9442","-122.1178","442.0","2013-09-21","57","62","53"
"USR0000CBRI","BRIONES CALIFORNIA, CA US","37.9442","-122.1178","442.0","2013-09-22","59","70","51"
"USR0000CBRI","BRIONES CALIFORNIA, CA US","37.9442","-122.1178","442.0","2013-09-23","65","80","54"
"USR0000CBRI","BRIONES CALIFORNIA, CA US","37.9442","-122.1178","442.0","2013-09-24","60","73","53"
"USR0000CBRI","BRIONES CALIFORNIA, CA US","37.9442","-122.1178","442.0","2013-09-25","57","67","50"
"USR0000CBRI","BRIONES CALIFORNIA, CA US","37.9442","-122.1178","442.0","2013-09-26","61","74","49"
"USR0000CBRI","BRIONES CALIFORNIA, CA US","37.9442","-122.1178","442.0","2013-09-27","64","76","54"
"USR0000CBRI","BRIONES CALIFORNIA, CA US","37.9442","-122.1178","442.0","2013-09-28","67","83","55"
"USR0000CBRI","BRIONES CALIFORNIA, CA US","37.9442","-122.1178","442.0","2013-09-29","61","71","54"
"USR0000CBRI","BRIONES CALIFORNIA, CA US","37.9442","-122.1178","442.0","2013-09-30","61","71","52"
"USR0000CBRI","BRIONES CALIFORNIA, CA US","37.9442","-122.1178","442.0","2013-10-01","59","71","49"
"USR0000CBRI","BRIONES CALIFORNIA, CA US","37.9442","-122.1178","442.0","2013-10-02","61","74","51"
"USR0000CBRI","BRIONES CALIFORNIA, CA US","37.9442","-122.1178","442.0","2013-10-03","62","73","49"
"USR0000CBRI","BRIONES CALIFORNIA, CA US","37.9442","-122.1178","442.0","2013-10-04","66","74","56"
"USR0000CBRI","BRIONES CALIFORNIA, CA US","37.9442","-122.1178","442.0","2013-10-05","68","79","59"
"USR0000CBRI","BRIONES CALIFORNIA, CA US","37.9442","-122.1178","442.0","2013-10-06","69","81","60"
"USR0000CBRI","BRIONES CALIFORNIA, CA US","37.9442","-122.1178","442.0","2013-10-07","69","82","59"
"USR0000CBRI","BRIONES CALIFORNIA, CA US","37.9442","-122.1178","442.0","2013-10-08","62","74","51"
"USR0000CBRI","BRIONES CALIFORNIA, CA US","37.9442","-122.1178","442.0","2013-10-09","57","68","46"
"USR0000CBRI","BRIONES CALIFORNIA, CA US","37.9442","-122.1178","442.0","2013-10-10","60","71","50"
"USR0000CBRI","BRIONES CALIFORNIA, CA US","37.9442","-122.1178","442.0","2013-10-11","56","69","46"
"USR0000CBRI","BRIONES CALIFORNIA, CA US","37.9442","-122.1178","442.0","2013-10-12","58","71","51"
"USR0000CBRI","BRIONES CALIFORNIA, CA US","37.9442","-122.1178","442.0","2013-10-13","60","72","51"
"USR0000CBRI","BRIONES CALIFORNIA, CA US","37.9442","-122.1178","442.0","2013-10-14","64","74","55"
"USR0000CBRI","BRIONES CALIFORNIA, CA US","37.9442","-122.1178","442.0","2013-10-15","65","76","55"
"USR0000CBRI","BRIONES CALIFORNIA, CA US","37.9442","-122.1178","442.0","2013-10-16","67","78","58"
"USR0000CBRI","BRIONES CALIFORNIA, CA US","37.9442","-122.1178","442.0","2013-10-17","68","81","61"
"USR0000CBRI","BRIONES CALIFORNIA, CA US","37.9442","-122.1178","442.0","2013-10-18","68","80","60"
"USR0000CBRI","BRIONES CALIFORNIA, CA US","37.9442","-122.1178","442.0","2013-10-19","69","80","59"
"USR0000CBRI","BRIONES CALIFORNIA, CA US","37.9442","-122.1178","442.0","2013-10-20","69","82","61"
"USR0000CBRI","BRIONES CALIFORNIA, CA US","37.9442","-122.1178","442.0","2013-10-21","65","77","58"
"USR0000CBRI","BRIONES CALIFORNIA, CA US","37.9442","-122.1178","442.0","2013-10-22","66","79","58"
"USR0000CBRI","BRIONES CALIFORNIA, CA US","37.9442","-122.1178","442.0","2013-10-23","64","80","49"
"USR0000CBRI","BRIONES CALIFORNIA, CA US","37.9442","-122.1178","442.0","2013-10-24","51","62","45"
"USR0000CBRI","BRIONES CALIFORNIA, CA US","37.9442","-122.1178","442.0","2013-10-25","59","71","46"
"USR0000CBRI","BRIONES CALIFORNIA, CA US","37.9442","-122.1178","442.0","2013-10-26","67","78","57"
"USR0000CBRI","BRIONES CALIFORNIA, CA US","37.9442","-122.1178","442.0","2013-10-27","53","64","46"
"USR0000CBRI","BRIONES CALIFORNIA, CA US","37.9442","-122.1178","442.0","2013-10-28","51","61","44"
"USR0000CBRI","BRIONES CALIFORNIA, CA US","37.9442","-122.1178","442.0","2013-10-29","51","61","45"
"USR0000CBRI","BRIONES CALIFORNIA, CA US","37.9442","-122.1178","442.0","2013-10-30","54","65","46"
"USR0000CBRI","BRIONES CALIFORNIA, CA US","37.9442","-122.1178","442.0","2013-10-31","61","72","51"
"USR0000CBRI","BRIONES CALIFORNIA, CA US","37.9442","-122.1178","442.0","2013-11-01","61","70","52"
"USR0000CBRI","BRIONES CALIFORNIA, CA US","37.9442","-122.1178","442.0","2013-11-02","60","71","49"
"USR0000CBRI","BRIONES CALIFORNIA, CA US","37.9442","-122.1178","442.0","2013-11-03","54","62","46"
"USR0000CBRI","BRIONES CALIFORNIA, CA US","37.9442","-122.1178","442.0","2013-11-04","57","68","44"
"USR0000CBRI","BRIONES CALIFORNIA, CA US","37.9442","-122.1178","442.0","2013-11-05","60","69","51"
"USR0000CBRI","BRIONES CALIFORNIA, CA US","37.9442","-122.1178","442.0","2013-11-06","59","66","51"
"USR0000CBRI","BRIONES CALIFORNIA, CA US","37.9442","-122.1178","442.0","2013-11-07","63","75","56"
"USR0000CBRI","BRIONES CALIFORNIA, CA US","37.9442","-122.1178","442.0","2013-11-08","61","76","54"
"USR0000CBRI","BRIONES CALIFORNIA, CA US","37.9442","-122.1178","442.0","2013-11-09","59","69","51"
"USR0000CBRI","BRIONES CALIFORNIA, CA US","37.9442","-122.1178","442.0","2013-11-10","55","66","46"
"USR0000CBRI","BRIONES CALIFORNIA, CA US","37.9442","-122.1178","442.0","2013-11-11","56","63","46"
"USR0000CBRI","BRIONES CALIFORNIA, CA US","37.9442","-122.1178","442.0","2013-11-12","61","71","53"
"USR0000CBRI","BRIONES CALIFORNIA, CA US","37.9442","-122.1178","442.0","2013-11-13","65","79","56"
"USR0000CBRI","BRIONES CALIFORNIA, CA US","37.9442","-122.1178","442.0","2013-11-14","58","72","52"
"USR0000CBRI","BRIONES CALIFORNIA, CA US","37.9442","-122.1178","442.0","2013-11-15","54","66","45"
"USR0000CBRI","BRIONES CALIFORNIA, CA US","37.9442","-122.1178","442.0","2013-11-16","51","63","43"
"USR0000CBRI","BRIONES CALIFORNIA, CA US","37.9442","-122.1178","442.0","2013-11-17","52","64","45"
"USR0000CBRI","BRIONES CALIFORNIA, CA US","37.9442","-122.1178","442.0","2013-11-18","48","55","43"
"USR0000CBRI","BRIONES CALIFORNIA, CA US","37.9442","-122.1178","442.0","2013-11-19","51","54","47"
"USR0000CBRI","BRIONES CALIFORNIA, CA US","37.9442","-122.1178","442.0","2013-11-20","52","55","47"
"USR0000CBRI","BRIONES CALIFORNIA, CA US","37.9442","-122.1178","442.0","2013-11-21","51","59","45"
"USR0000CBRI","BRIONES CALIFORNIA, CA US","37.9442","-122.1178","442.0","2013-11-22","55","65","49"
"USR0000CBRI","BRIONES CALIFORNIA, CA US","37.9442","-122.1178","442.0","2013-11-23","52","62","46"
"USR0000CBRI","BRIONES CALIFORNIA, CA US","37.9442","-122.1178","442.0","2013-11-24","51","59","45"
"USR0000CBRI","BRIONES CALIFORNIA, CA US","37.9442","-122.1178","442.0","2013-11-25","50","58","42"
"USR0000CBRI","BRIONES CALIFORNIA, CA US","37.9442","-122.1178","442.0","2013-11-26","50","57","45"
"USR0000CBRI","BRIONES CALIFORNIA, CA US","37.9442","-122.1178","442.0","2013-11-27","51","57","46"
"USR0000CBRI","BRIONES CALIFORNIA, CA US","37.9442","-122.1178","442.0","2013-11-28","57","66","51"
"USR0000CBRI","BRIONES CALIFORNIA, CA US","37.9442","-122.1178","442.0","2013-11-29","57","65","53"
"USR0000CBRI","BRIONES CALIFORNIA, CA US","37.9442","-122.1178","442.0","2013-11-30","56","64","52"
"USR0000CBRI","BRIONES CALIFORNIA, CA US","37.9442","-122.1178","442.0","2013-12-01","59","66","52"
"USR0000CBRI","BRIONES CALIFORNIA, CA US","37.9442","-122.1178","442.0","2013-12-02","56","65","50"
"USR0000CBRI","BRIONES CALIFORNIA, CA US","37.9442","-122.1178","442.0","2013-12-03","45","52","41"
"USR0000CBRI","BRIONES CALIFORNIA, CA US","37.9442","-122.1178","442.0","2013-12-04","40","49","33"
"USR0000CBRI","BRIONES CALIFORNIA, CA US","37.9442","-122.1178","442.0","2013-12-05","38","46","33"
"USR0000CBRI","BRIONES CALIFORNIA, CA US","37.9442","-122.1178","442.0","2013-12-06","40","46","34"
"USR0000CBRI","BRIONES CALIFORNIA, CA US","37.9442","-122.1178","442.0","2013-12-07","37","45","30"
"USR0000CBRI","BRIONES CALIFORNIA, CA US","37.9442","-122.1178","442.0","2013-12-08","33","40","27"
"USR0000CBRI","BRIONES CALIFORNIA, CA US","37.9442","-122.1178","442.0","2013-12-09","35","44","29"
"USR0000CBRI","BRIONES CALIFORNIA, CA US","37.9442","-122.1178","442.0","2013-12-10","40","48","31"
"USR0000CBRI","BRIONES CALIFORNIA, CA US","37.9442","-122.1178","442.0","2013-12-11","43","49","35"
"USR0000CBRI","BRIONES CALIFORNIA, CA US","37.9442","-122.1178","442.0","2013-12-12","46","54","39"
"USR0000CBRI","BRIONES CALIFORNIA, CA US","37.9442","-122.1178","442.0","2013-12-13","49","58","40"
"USR0000CBRI","BRIONES CALIFORNIA, CA US","37.9442","-122.1178","442.0","2013-12-14","49","54","44"
"USR0000CBRI","BRIONES CALIFORNIA, CA US","37.9442","-122.1178","442.0","2013-12-15","50","56","44"
"USR0000CBRI","BRIONES CALIFORNIA, CA US","37.9442","-122.1178","442.0","2013-12-16","55","61","50"
"USR0000CBRI","BRIONES CALIFORNIA, CA US","37.9442","-122.1178","442.0","2013-12-17","54","59","47"
"USR0000CBRI","BRIONES CALIFORNIA, CA US","37.9442","-122.1178","442.0","2013-12-18","53","65","44"
"USR0000CBRI","BRIONES CALIFORNIA, CA US","37.9442","-122.1178","442.0","2013-12-19","47","59","40"
"USR0000CBRI","BRIONES CALIFORNIA, CA US","37.9442","-122.1178","442.0","2013-12-20","51","60","40"
"USR0000CBRI","BRIONES CALIFORNIA, CA US","37.9442","-122.1178","442.0","2013-12-21","53","60","45"
"USR0000CBRI","BRIONES CALIFORNIA, CA US","37.9442","-122.1178","442.0","2013-12-22","53","58","47"
"USR0000CBRI","BRIONES CALIFORNIA, CA US","37.9442","-122.1178","442.0","2013-12-23","52","57","47"
"USR0000CBRI","BRIONES CALIFORNIA, CA US","37.9442","-122.1178","442.0","2013-12-24","56","63","51"
"USR0000CBRI","BRIONES CALIFORNIA, CA US","37.9442","-122.1178","442.0","2013-12-25","53","58","47"
"USR0000CBRI","BRIONES CALIFORNIA, CA US","37.9442","-122.1178","442.0","2013-12-26","55","60","50"
"USR0000CBRI","BRIONES CALIFORNIA, CA US","37.9442","-122.1178","442.0","2013-12-27","52","56","46"
"USR0000CBRI","BRIONES CALIFORNIA, CA US","37.9442","-122.1178","442.0","2013-12-28","55","65","45"
"USR0000CBRI","BRIONES CALIFORNIA, CA US","37.9442","-122.1178","442.0","2013-12-29","52","58","47"
"USR0000CBRI","BRIONES CALIFORNIA, CA US","37.9442","-122.1178","442.0","2013-12-30","51","58","46"
"USR0000CBRI","BRIONES CALIFORNIA, CA US","37.9442","-122.1178","442.0","2013-12-31","52","58","48"
"USR0000CBRI","BRIONES CALIFORNIA, CA US","37.9442","-122.1178","442.0","2014-01-01","57","63","50"
"USR0000CBRI","BRIONES CALIFORNIA, CA US","37.9442","-122.1178","442.0","2014-01-02","54","60","45"
"USR0000CBRI","BRIONES CALIFORNIA, CA US","37.9442","-122.1178","442.0","2014-01-03","57","64","52"
"USR0000CBRI","BRIONES CALIFORNIA, CA US","37.9442","-122.1178","442.0","2014-01-04","55","63","50"
"USR0000CBRI","BRIONES CALIFORNIA, CA US","37.9442","-122.1178","442.0","2014-01-05","53","61","46"
"USR0000CBRI","BRIONES CALIFORNIA, CA US","37.9442","-122.1178","442.0","2014-01-06","51","56","45"
"USR0000CBRI","BRIONES CALIFORNIA, CA US","37.9442","-122.1178","442.0","2014-01-07","53","64","47"
"USR0000CBRI","BRIONES CALIFORNIA, CA US","37.9442","-122.1178","442.0","2014-01-08","49","55","45"
"USR0000CBRI","BRIONES CALIFORNIA, CA US","37.9442","-122.1178","442.0","2014-01-09","50","61","45"
"USR0000CBRI","BRIONES CALIFORNIA, CA US","37.9442","-122.1178","442.0","2014-01-10","51","60","44"
"USR0000CBRI","BRIONES CALIFORNIA, CA US","37.9442","-122.1178","442.0","2014-01-11","49","54","45"
"USR0000CBRI","BRIONES CALIFORNIA, CA US","37.9442","-122.1178","442.0","2014-01-12","50","58","42"
"USR0000CBRI","BRIONES CALIFORNIA, CA US","37.9442","-122.1178","442.0","2014-01-13","52","59","44"
"USR0000CBRI","BRIONES CALIFORNIA, CA US","37.9442","-122.1178","442.0","2014-01-14","56","63","50"
"USR0000CBRI","BRIONES CALIFORNIA, CA US","37.9442","-122.1178","442.0","2014-01-15","59","65","53"
"USR0000CBRI","BRIONES CALIFORNIA, CA US","37.9442","-122.1178","442.0","2014-01-16","61","66","53"
"USR0000CBRI","BRIONES CALIFORNIA, CA US","37.9442","-122.1178","442.0","2014-01-17","58","63","53"
"USR0000CBRI","BRIONES CALIFORNIA, CA US","37.9442","-122.1178","442.0","2014-01-18","59","66","53"
"USR0000CBRI","BRIONES CALIFORNIA, CA US","37.9442","-122.1178","442.0","2014-01-19","55","62","47"
"USR0000CBRI","BRIONES CALIFORNIA, CA US","37.9442","-122.1178","442.0","2014-01-20","58","65","50"
"USR0000CBRI","BRIONES CALIFORNIA, CA US","37.9442","-122.1178","442.0","2014-01-21","57","64","49"
"USR0000CBRI","BRIONES CALIFORNIA, CA US","37.9442","-122.1178","442.0","2014-01-22","62","72","54"
"USR0000CBRI","BRIONES CALIFORNIA, CA US","37.9442","-122.1178","442.0","2014-01-23","55","63","48"
"USR0000CBRI","BRIONES CALIFORNIA, CA US","37.9442","-122.1178","442.0","2014-01-24","58","68","50"
"USR0000CBRI","BRIONES CALIFORNIA, CA US","37.9442","-122.1178","442.0","2014-01-25","60","69","51"
"USR0000CBRI","BRIONES CALIFORNIA, CA US","37.9442","-122.1178","442.0","2014-01-26","59","68","53"
"USR0000CBRI","BRIONES CALIFORNIA, CA US","37.9442","-122.1178","442.0","2014-01-27","54","64","48"
"USR0000CBRI","BRIONES CALIFORNIA, CA US","37.9442","-122.1178","442.0","2014-01-28","57","64","50"
"USR0000CBRI","BRIONES CALIFORNIA, CA US","37.9442","-122.1178","442.0","2014-01-29","54","58","48"
"USR0000CBRI","BRIONES CALIFORNIA, CA US","37.9442","-122.1178","442.0","2014-01-30","49","60","45"
"USR0000CBRI","BRIONES CALIFORNIA, CA US","37.9442","-122.1178","442.0","2014-01-31","48","58","40"
"USR0000CBRI","BRIONES CALIFORNIA, CA US","37.9442","-122.1178","442.0","2014-02-01","46","58","38"
"USR0000CBRI","BRIONES CALIFORNIA, CA US","37.9442","-122.1178","442.0","2014-02-02","41","47","38"
"USR0000CBRI","BRIONES CALIFORNIA, CA US","37.9442","-122.1178","442.0","2014-02-03","43","53","36"
"USR0000CBRI","BRIONES CALIFORNIA, CA US","37.9442","-122.1178","442.0","2014-02-04","43","52","37"
"USR0000CBRI","BRIONES CALIFORNIA, CA US","37.9442","-122.1178","442.0","2014-02-05","43","51","37"
"USR0000CBRI","BRIONES CALIFORNIA, CA US","37.9442","-122.1178","442.0","2014-02-06","44","49","40"
"USR0000CBRI","BRIONES CALIFORNIA, CA US","37.9442","-122.1178","442.0","2014-02-07","47","48","46"
"USR0000CBRI","BRIONES CALIFORNIA, CA US","37.9442","-122.1178","442.0","2014-02-08","52","54","49"
"USR0000CBRI","BRIONES CALIFORNIA, CA US","37.9442","-122.1178","442.0","2014-02-09","53","54","52"
"USR0000CBRI","BRIONES CALIFORNIA, CA US","37.9442","-122.1178","442.0","2014-02-10","51","55","49"
"USR0000CBRI","BRIONES CALIFORNIA, CA US","37.9442","-122.1178","442.0","2014-02-11","51","61","45"
"USR0000CBRI","BRIONES CALIFORNIA, CA US","37.9442","-122.1178","442.0","2014-02-12","53","63","46"
"USR0000CBRI","BRIONES CALIFORNIA, CA US","37.9442","-122.1178","442.0","2014-02-13","57","65","49"
"USR0000CBRI","BRIONES CALIFORNIA, CA US","37.9442","-122.1178","442.0","2014-02-14","54","59","51"
"USR0000CBRI","BRIONES CALIFORNIA, CA US","37.9442","-122.1178","442.0","2014-02-15","51","56","49"
"USR0000CBRI","BRIONES CALIFORNIA, CA US","37.9442","-122.1178","442.0","2014-02-16","51","62","44"
"USR0000CBRI","BRIONES CALIFORNIA, CA US","37.9442","-122.1178","442.0","2014-02-17","49","57","44"
"USR0000CBRI","BRIONES CALIFORNIA, CA US","37.9442","-122.1178","442.0","2014-02-18","51","62","44"
"USR0000CBRI","BRIONES CALIFORNIA, CA US","37.9442","-122.1178","442.0","2014-02-19","53","62","45"
"USR0000CBRI","BRIONES CALIFORNIA, CA US","37.9442","-122.1178","442.0","2014-02-20","55","63","47"
"USR0000CBRI","BRIONES CALIFORNIA, CA US","37.9442","-122.1178","442.0","2014-02-21","59","69","51"
"USR0000CBRI","BRIONES CALIFORNIA, CA US","37.9442","-122.1178","442.0","2014-02-22","58","70","52"
"USR0000CBRI","BRIONES CALIFORNIA, CA US","37.9442","-122.1178","442.0","2014-02-23","58","68","50"
